ID,Title,Price,Availability,Category
526,A520M-A PRO,69.99,in_stock,Motherboards
2730,A520M-A PRO V1,69.99,out_of_stock,Motherboards
3068,B550 GAMING WIFI6E,119.99,out_of_stock,Motherboards
2725,B550-A PRO V1,119.99,out_of_stock,Motherboards
3123,B550M GAMING PLUS WIFI6E,109.99,out_of_stock,Motherboards
3125,B550M GAMING PLUS WIFI6E | SPATIUM M480 PRO 1TB SSD Power Pack,299.99,out_of_stock,Motherboards
1471,B550M PRO-VDH,99.99,out_of_stock,Motherboards
445,B550M PRO-VDH WIFI,99.99,in_stock,Motherboards
1851,B650 GAMING PLUS WIFI,139.99,in_stock,Motherboards
3229,B650E GAMING WIFI,159.99,out_of_stock,Motherboards
1746,B760 GAMING PLUS WIFI,199.99,in_stock,Motherboards
2451,B840 GAMING PLUS WIFI,169.99,in_stock,Motherboards
2449,B850 GAMING PLUS WIFI,179.99,out_of_stock,Motherboards
2996,B850 GAMING PLUS WIFI 32GB Starter Kit,529.99,out_of_stock,Motherboards
2733,B850 GAMING PLUS WIFI PZ,229.99,in_stock,Motherboards
2732,B850 GAMING PLUS WIFI V1,169.99,out_of_stock,Motherboards
2873,B850 GAMING PLUS WIFI6E,179.99,out_of_stock,Motherboards
2829,B850 GAMING PRO WIFI6E,189.99,in_stock,Motherboards
2793,B850 MLG EDITION,259.99,out_of_stock,Motherboards
2885,B850MPOWER,229.99,out_of_stock,Motherboards
